{"minzoom":0,"maxzoom":8,"center":[57.299152,-19.978117,8.0],"bounds":[57.299152,-20.519796,57.801765,-19.978117]}