{"minzoom":0,"maxzoom":9,"center":[57.304688,-20.303067,9.0],"bounds":[57.299152,-20.519796,57.801765,-19.978117]}